year,month,incident_count
2019,01,1
2019,04,3
2019,05,13
2019,06,41
2019,07,47
2019,08,45
2019,09,52
2019,10,55
2019,11,6
2020,02,5
2020,03,4
2020,04,4
2020,05,10
2020,06,72
2020,07,57
2020,08,59
2020,09,21
2020,10,16
2020,11,3
2020,12,8
2021,01,10
2021,03,3
2021,04,10
2021,05,24
2021,06,51
2021,07,36
2021,08,28
2021,09,14
2021,10,9
2021,11,1
2022,01,1
2022,02,2
2022,03,8
2022,04,4
2022,05,17
2022,06,33
2022,07,34
2022,08,25
2022,09,24
2022,10,2
